Year,RoundNumber,Driver
2023,1,ALB
2023,1,ALO
2023,1,BOT
2023,1,DEV
2023,1,GAS
2023,1,HAM
2023,1,HUL
2023,1,LEC
2023,1,MAG
2023,1,NOR
2023,1,OCO
2023,1,PER
2023,1,PIA
2023,1,RUS
2023,1,SAI
2023,1,SAR
2023,1,STR
2023,1,TSU
2023,1,VER
2023,1,ZHO
2023,2,ALB
2023,2,ALO
2023,2,BOT
2023,2,DEV
2023,2,GAS
2023,2,HAM
2023,2,HUL
2023,2,LEC
2023,2,MAG
2023,2,NOR
2023,2,OCO
2023,2,PER
2023,2,PIA
2023,2,RUS
2023,2,SAI
2023,2,SAR
2023,2,STR
2023,2,TSU
2023,2,VER
2023,2,ZHO
2023,3,ALB
2023,3,ALO
2023,3,BOT
2023,3,DEV
2023,3,GAS
2023,3,HAM
2023,3,HUL
2023,3,LEC
2023,3,MAG
2023,3,NOR
2023,3,OCO
2023,3,PER
2023,3,PIA
2023,3,RUS
2023,3,SAI
2023,3,SAR
2023,3,STR
2023,3,TSU
2023,3,VER
2023,3,ZHO
2023,4,ALB
2023,4,ALO
2023,4,BOT
2023,4,DEV
2023,4,GAS
2023,4,HAM
2023,4,HUL
2023,4,LEC
2023,4,MAG
2023,4,NOR
2023,4,OCO
2023,4,PER
2023,4,PIA
2023,4,RUS
2023,4,SAI
2023,4,SAR
2023,4,STR
2023,4,TSU
2023,4,VER
2023,4,ZHO
2023,5,ALB
2023,5,ALO
2023,5,BOT
2023,5,DEV
2023,5,GAS
2023,5,HAM
2023,5,HUL
2023,5,LEC
2023,5,MAG
2023,5,NOR
2023,5,OCO
2023,5,PER
2023,5,PIA
2023,5,RUS
2023,5,SAI
2023,5,SAR
2023,5,STR
2023,5,TSU
2023,5,VER
2023,5,ZHO
2023,6,ALB
2023,6,ALO
2023,6,BOT
2023,6,DEV
2023,6,GAS
2023,6,HAM
2023,6,HUL
2023,6,LEC
2023,6,MAG
2023,6,NOR
2023,6,OCO
2023,6,PER
2023,6,PIA
2023,6,RUS
2023,6,SAI
2023,6,SAR
2023,6,STR
2023,6,TSU
2023,6,VER
2023,6,ZHO
2023,7,ALB
2023,7,ALO
2023,7,BOT
2023,7,DEV
2023,7,GAS
2023,7,HAM
2023,7,HUL
2023,7,LEC
2023,7,MAG
2023,7,NOR
2023,7,OCO
2023,7,PER
2023,7,PIA
2023,7,RUS
2023,7,SAI
2023,7,SAR
2023,7,STR
2023,7,TSU
2023,7,VER
2023,7,ZHO
2023,8,ALB
2023,8,ALO
2023,8,BOT
2023,8,DEV
2023,8,GAS
2023,8,HAM
2023,8,HUL
2023,8,LEC
2023,8,MAG
2023,8,NOR
2023,8,OCO
2023,8,PER
2023,8,PIA
2023,8,RUS
2023,8,SAI
2023,8,SAR
2023,8,STR
2023,8,TSU
2023,8,VER
2023,8,ZHO
2023,9,ALB
2023,9,ALO
2023,9,BOT
2023,9,DEV
2023,9,GAS
2023,9,HAM
2023,9,HUL
2023,9,LEC
2023,9,MAG
2023,9,NOR
2023,9,OCO
2023,9,PER
2023,9,PIA
2023,9,RUS
2023,9,SAI
2023,9,SAR
2023,9,STR
2023,9,TSU
2023,9,VER
2023,9,ZHO
2023,10,ALB
2023,10,ALO
2023,10,BOT
2023,10,DEV
2023,10,GAS
2023,10,HAM
2023,10,HUL
2023,10,LEC
2023,10,MAG
2023,10,NOR
2023,10,OCO
2023,10,PER
2023,10,PIA
2023,10,RUS
2023,10,SAI
2023,10,SAR
2023,10,STR
2023,10,TSU
2023,10,VER
2023,10,ZHO
2023,11,ALB
2023,11,ALO
2023,11,BOT
2023,11,GAS
2023,11,HAM
2023,11,HUL
2023,11,LEC
2023,11,MAG
2023,11,NOR
2023,11,OCO
2023,11,PER
2023,11,PIA
2023,11,RIC
2023,11,RUS
2023,11,SAI
2023,11,SAR
2023,11,STR
2023,11,TSU
2023,11,VER
2023,11,ZHO
2023,12,ALB
2023,12,ALO
2023,12,BOT
2023,12,GAS
2023,12,HAM
2023,12,HUL
2023,12,LEC
2023,12,MAG
2023,12,NOR
2023,12,OCO
2023,12,PER
2023,12,PIA
2023,12,RIC
2023,12,RUS
2023,12,SAI
2023,12,SAR
2023,12,STR
2023,12,TSU
2023,12,VER
2023,12,ZHO
2023,13,ALB
2023,13,ALO
2023,13,BOT
2023,13,GAS
2023,13,HAM
2023,13,HUL
2023,13,LAW
2023,13,LEC
2023,13,MAG
2023,13,NOR
2023,13,OCO
2023,13,PER
2023,13,PIA
2023,13,RUS
2023,13,SAI
2023,13,SAR
2023,13,STR
2023,13,TSU
2023,13,VER
2023,13,ZHO
2023,14,ALB
2023,14,ALO
2023,14,BOT
2023,14,GAS
2023,14,HAM
2023,14,HUL
2023,14,LAW
2023,14,LEC
2023,14,MAG
2023,14,NOR
2023,14,OCO
2023,14,PER
2023,14,PIA
2023,14,RUS
2023,14,SAI
2023,14,SAR
2023,14,STR
2023,14,TSU
2023,14,VER
2023,14,ZHO
2023,15,ALB
2023,15,ALO
2023,15,BOT
2023,15,GAS
2023,15,HAM
2023,15,HUL
2023,15,LAW
2023,15,LEC
2023,15,MAG
2023,15,NOR
2023,15,OCO
2023,15,PER
2023,15,PIA
2023,15,RUS
2023,15,SAI
2023,15,SAR
2023,15,TSU
2023,15,VER
2023,15,ZHO
2023,16,ALB
2023,16,ALO
2023,16,BOT
2023,16,GAS
2023,16,HAM
2023,16,HUL
2023,16,LAW
2023,16,LEC
2023,16,MAG
2023,16,NOR
2023,16,OCO
2023,16,PER
2023,16,PIA
2023,16,RUS
2023,16,SAI
2023,16,SAR
2023,16,STR
2023,16,TSU
2023,16,VER
2023,16,ZHO
2023,17,ALB
2023,17,ALO
2023,17,BOT
2023,17,GAS
2023,17,HAM
2023,17,HUL
2023,17,LAW
2023,17,LEC
2023,17,MAG
2023,17,NOR
2023,17,OCO
2023,17,PER
2023,17,PIA
2023,17,RUS
2023,17,SAR
2023,17,STR
2023,17,TSU
2023,17,VER
2023,17,ZHO
2023,18,ALB
2023,18,ALO
2023,18,BOT
2023,18,GAS
2023,18,HAM
2023,18,HUL
2023,18,LEC
2023,18,MAG
2023,18,NOR
2023,18,OCO
2023,18,PER
2023,18,PIA
2023,18,RIC
2023,18,RUS
2023,18,SAI
2023,18,SAR
2023,18,STR
2023,18,TSU
2023,18,VER
2023,18,ZHO
2023,19,ALB
2023,19,ALO
2023,19,BOT
2023,19,GAS
2023,19,HAM
2023,19,HUL
2023,19,LEC
2023,19,MAG
2023,19,NOR
2023,19,OCO
2023,19,PER
2023,19,PIA
2023,19,RIC
2023,19,RUS
2023,19,SAI
2023,19,SAR
2023,19,STR
2023,19,TSU
2023,19,VER
2023,19,ZHO
2023,20,ALB
2023,20,ALO
2023,20,BOT
2023,20,GAS
2023,20,HAM
2023,20,HUL
2023,20,LEC
2023,20,MAG
2023,20,NOR
2023,20,OCO
2023,20,PER
2023,20,PIA
2023,20,RIC
2023,20,RUS
2023,20,SAI
2023,20,SAR
2023,20,STR
2023,20,TSU
2023,20,VER
2023,20,ZHO
2023,22,ALB
2023,22,ALO
2023,22,BOT
2023,22,GAS
2023,22,HAM
2023,22,HUL
2023,22,LEC
2023,22,MAG
2023,22,NOR
2023,22,OCO
2023,22,PER
2023,22,PIA
2023,22,RIC
2023,22,RUS
2023,22,SAI
2023,22,SAR
2023,22,STR
2023,22,TSU
2023,22,VER
2023,22,ZHO
2024,1,ALB
2024,1,ALO
2024,1,BOT
2024,1,GAS
2024,1,HAM
2024,1,HUL
2024,1,LEC
2024,1,MAG
2024,1,NOR
2024,1,OCO
2024,1,PER
2024,1,PIA
2024,1,RIC
2024,1,RUS
2024,1,SAI
2024,1,SAR
2024,1,STR
2024,1,TSU
2024,1,VER
2024,1,ZHO
2024,2,ALB
2024,2,ALO
2024,2,BEA
2024,2,BOT
2024,2,GAS
2024,2,HAM
2024,2,HUL
2024,2,LEC
2024,2,MAG
2024,2,NOR
2024,2,OCO
2024,2,PER
2024,2,PIA
2024,2,RIC
2024,2,RUS
2024,2,SAR
2024,2,STR
2024,2,TSU
2024,2,VER
2024,2,ZHO
2024,3,ALB
2024,3,ALO
2024,3,BOT
2024,3,GAS
2024,3,HAM
2024,3,HUL
2024,3,LEC
2024,3,MAG
2024,3,NOR
2024,3,OCO
2024,3,PER
2024,3,PIA
2024,3,RIC
2024,3,RUS
2024,3,SAI
2024,3,STR
2024,3,TSU
2024,3,VER
2024,3,ZHO
2024,4,ALB
2024,4,ALO
2024,4,BOT
2024,4,GAS
2024,4,HAM
2024,4,HUL
2024,4,LEC
2024,4,MAG
2024,4,NOR
2024,4,OCO
2024,4,PER
2024,4,PIA
2024,4,RIC
2024,4,RUS
2024,4,SAI
2024,4,SAR
2024,4,STR
2024,4,TSU
2024,4,VER
2024,4,ZHO
2024,5,ALB
2024,5,ALO
2024,5,BOT
2024,5,GAS
2024,5,HAM
2024,5,HUL
2024,5,LEC
2024,5,MAG
2024,5,NOR
2024,5,OCO
2024,5,PER
2024,5,PIA
2024,5,RIC
2024,5,RUS
2024,5,SAI
2024,5,SAR
2024,5,STR
2024,5,TSU
2024,5,VER
2024,5,ZHO
2024,6,ALB
2024,6,ALO
2024,6,BOT
2024,6,GAS
2024,6,HAM
2024,6,HUL
2024,6,LEC
2024,6,MAG
2024,6,NOR
2024,6,OCO
2024,6,PER
2024,6,PIA
2024,6,RIC
2024,6,RUS
2024,6,SAI
2024,6,SAR
2024,6,STR
2024,6,TSU
2024,6,VER
2024,6,ZHO
2024,7,ALB
2024,7,ALO
2024,7,BOT
2024,7,GAS
2024,7,HAM
2024,7,HUL
2024,7,LEC
2024,7,MAG
2024,7,NOR
2024,7,OCO
2024,7,PER
2024,7,PIA
2024,7,RIC
2024,7,RUS
2024,7,SAI
2024,7,SAR
2024,7,STR
2024,7,TSU
2024,7,VER
2024,7,ZHO
2024,8,ALB
2024,8,ALO
2024,8,BOT
2024,8,GAS
2024,8,HAM
2024,8,HUL
2024,8,LEC
2024,8,MAG
2024,8,NOR
2024,8,OCO
2024,8,PER
2024,8,PIA
2024,8,RIC
2024,8,RUS
2024,8,SAI
2024,8,SAR
2024,8,STR
2024,8,TSU
2024,8,VER
2024,8,ZHO
2024,9,ALB
2024,9,ALO
2024,9,BOT
2024,9,GAS
2024,9,HAM
2024,9,HUL
2024,9,LEC
2024,9,MAG
2024,9,NOR
2024,9,OCO
2024,9,PER
2024,9,PIA
2024,9,RIC
2024,9,RUS
2024,9,SAI
2024,9,SAR
2024,9,STR
2024,9,TSU
2024,9,VER
2024,9,ZHO
2024,10,ALB
2024,10,ALO
2024,10,BOT
2024,10,GAS
2024,10,HAM
2024,10,HUL
2024,10,LEC
2024,10,MAG
2024,10,NOR
2024,10,OCO
2024,10,PER
2024,10,PIA
2024,10,RIC
2024,10,RUS
2024,10,SAI
2024,10,SAR
2024,10,STR
2024,10,TSU
2024,10,VER
2024,10,ZHO
2024,11,ALB
2024,11,ALO
2024,11,BOT
2024,11,GAS
2024,11,HAM
2024,11,HUL
2024,11,LEC
2024,11,MAG
2024,11,NOR
2024,11,OCO
2024,11,PER
2024,11,PIA
2024,11,RIC
2024,11,RUS
2024,11,SAI
2024,11,SAR
2024,11,STR
2024,11,TSU
2024,11,VER
2024,11,ZHO
2024,12,ALB
2024,12,ALO
2024,12,BOT
2024,12,GAS
2024,12,HAM
2024,12,HUL
2024,12,LEC
2024,12,MAG
2024,12,NOR
2024,12,OCO
2024,12,PER
2024,12,PIA
2024,12,RIC
2024,12,RUS
2024,12,SAI
2024,12,SAR
2024,12,STR
2024,12,TSU
2024,12,VER
2024,12,ZHO
2024,13,ALB
2024,13,ALO
2024,13,BOT
2024,13,GAS
2024,13,HAM
2024,13,HUL
2024,13,LEC
2024,13,MAG
2024,13,NOR
2024,13,OCO
2024,13,PER
2024,13,PIA
2024,13,RIC
2024,13,RUS
2024,13,SAI
2024,13,SAR
2024,13,STR
2024,13,TSU
2024,13,VER
2024,13,ZHO
2024,14,ALB
2024,14,ALO
2024,14,BOT
2024,14,GAS
2024,14,HAM
2024,14,HUL
2024,14,LEC
2024,14,MAG
2024,14,NOR
2024,14,OCO
2024,14,PER
2024,14,PIA
2024,14,RIC
2024,14,RUS
2024,14,SAI
2024,14,SAR
2024,14,STR
2024,14,TSU
2024,14,VER
2024,14,ZHO
2024,15,ALB
2024,15,ALO
2024,15,BOT
2024,15,GAS
2024,15,HAM
2024,15,HUL
2024,15,LEC
2024,15,MAG
2024,15,NOR
2024,15,OCO
2024,15,PER
2024,15,PIA
2024,15,RIC
2024,15,RUS
2024,15,SAI
2024,15,SAR
2024,15,STR
2024,15,TSU
2024,15,VER
2024,15,ZHO
2024,16,ALB
2024,16,ALO
2024,16,BOT
2024,16,COL
2024,16,GAS
2024,16,HAM
2024,16,HUL
2024,16,LEC
2024,16,MAG
2024,16,NOR
2024,16,OCO
2024,16,PER
2024,16,PIA
2024,16,RIC
2024,16,RUS
2024,16,SAI
2024,16,STR
2024,16,TSU
2024,16,VER
2024,16,ZHO
2024,17,ALB
2024,17,ALO
2024,17,BEA
2024,17,BOT
2024,17,COL
2024,17,GAS
2024,17,HAM
2024,17,HUL
2024,17,LEC
2024,17,NOR
2024,17,OCO
2024,17,PER
2024,17,PIA
2024,17,RIC
2024,17,RUS
2024,17,SAI
2024,17,STR
2024,17,TSU
2024,17,VER
2024,17,ZHO
2024,18,ALB
2024,18,ALO
2024,18,BOT
2024,18,COL
2024,18,GAS
2024,18,HAM
2024,18,HUL
2024,18,LEC
2024,18,MAG
2024,18,NOR
2024,18,OCO
2024,18,PER
2024,18,PIA
2024,18,RIC
2024,18,RUS
2024,18,SAI
2024,18,STR
2024,18,TSU
2024,18,VER
2024,18,ZHO
2024,19,ALB
2024,19,ALO
2024,19,BOT
2024,19,COL
2024,19,GAS
2024,19,HAM
2024,19,HUL
2024,19,LAW
2024,19,LEC
2024,19,MAG
2024,19,NOR
2024,19,OCO
2024,19,PER
2024,19,PIA
2024,19,RUS
2024,19,SAI
2024,19,STR
2024,19,TSU
2024,19,VER
2024,19,ZHO
2024,20,ALB
2024,20,ALO
2024,20,BOT
2024,20,COL
2024,20,GAS
2024,20,HAM
2024,20,HUL
2024,20,LAW
2024,20,LEC
2024,20,MAG
2024,20,NOR
2024,20,OCO
2024,20,PER
2024,20,PIA
2024,20,RUS
2024,20,SAI
2024,20,STR
2024,20,TSU
2024,20,VER
2024,20,ZHO
2024,21,ALO
2024,21,BEA
2024,21,BOT
2024,21,COL
2024,21,GAS
2024,21,HAM
2024,21,HUL
2024,21,LAW
2024,21,LEC
2024,21,NOR
2024,21,OCO
2024,21,PER
2024,21,PIA
2024,21,RUS
2024,21,SAI
2024,21,STR
2024,21,TSU
2024,21,VER
2024,21,ZHO
2024,23,ALB
2024,23,ALO
2024,23,BOT
2024,23,COL
2024,23,GAS
2024,23,HAM
2024,23,HUL
2024,23,LAW
2024,23,LEC
2024,23,MAG
2024,23,NOR
2024,23,OCO
2024,23,PER
2024,23,PIA
2024,23,RUS
2024,23,SAI
2024,23,STR
2024,23,TSU
2024,23,VER
2024,23,ZHO
2024,24,ALB
2024,24,ALO
2024,24,BOT
2024,24,COL
2024,24,DOO
2024,24,GAS
2024,24,HAM
2024,24,HUL
2024,24,LAW
2024,24,LEC
2024,24,MAG
2024,24,NOR
2024,24,PER
2024,24,PIA
2024,24,RUS
2024,24,SAI
2024,24,STR
2024,24,TSU
2024,24,VER
2024,24,ZHO
2025,1,ALB
2025,1,ALO
2025,1,ANT
2025,1,BEA
2025,1,BOR
2025,1,DOO
2025,1,GAS
2025,1,HAD
2025,1,HAM
2025,1,HUL
2025,1,LAW
2025,1,LEC
2025,1,NOR
2025,1,OCO
2025,1,PIA
2025,1,RUS
2025,1,SAI
2025,1,STR
2025,1,TSU
2025,1,VER
2025,2,ALB
2025,2,ALO
2025,2,ANT
2025,2,BEA
2025,2,BOR
2025,2,DOO
2025,2,GAS
2025,2,HAD
2025,2,HAM
2025,2,HUL
2025,2,LAW
2025,2,LEC
2025,2,NOR
2025,2,OCO
2025,2,PIA
2025,2,RUS
2025,2,SAI
2025,2,STR
2025,2,TSU
2025,2,VER
2025,3,ALB
2025,3,ALO
2025,3,ANT
2025,3,BEA
2025,3,BOR
2025,3,DOO
2025,3,GAS
2025,3,HAD
2025,3,HAM
2025,3,HUL
2025,3,LAW
2025,3,LEC
2025,3,NOR
2025,3,OCO
2025,3,PIA
2025,3,RUS
2025,3,SAI
2025,3,STR
2025,3,TSU
2025,3,VER
2025,4,ALB
2025,4,ALO
2025,4,ANT
2025,4,BEA
2025,4,BOR
2025,4,DOO
2025,4,GAS
2025,4,HAD
2025,4,HAM
2025,4,HUL
2025,4,LAW
2025,4,LEC
2025,4,NOR
2025,4,OCO
2025,4,PIA
2025,4,RUS
2025,4,SAI
2025,4,STR
2025,4,TSU
2025,4,VER
2025,5,ALB
2025,5,ALO
2025,5,ANT
2025,5,BEA
2025,5,BOR
2025,5,DOO
2025,5,GAS
2025,5,HAD
2025,5,HAM
2025,5,HUL
2025,5,LAW
2025,5,LEC
2025,5,NOR
2025,5,OCO
2025,5,PIA
2025,5,RUS
2025,5,SAI
2025,5,STR
2025,5,TSU
2025,5,VER
2025,6,ALB
2025,6,ALO
2025,6,ANT
2025,6,BEA
2025,6,BOR
2025,6,DOO
2025,6,GAS
2025,6,HAD
2025,6,HAM
2025,6,HUL
2025,6,LAW
2025,6,LEC
2025,6,NOR
2025,6,OCO
2025,6,PIA
2025,6,RUS
2025,6,SAI
2025,6,STR
2025,6,TSU
2025,6,VER
2025,7,ALB
2025,7,ALO
2025,7,ANT
2025,7,BEA
2025,7,BOR
2025,7,COL
2025,7,GAS
2025,7,HAD
2025,7,HAM
2025,7,HUL
2025,7,LAW
2025,7,LEC
2025,7,NOR
2025,7,OCO
2025,7,PIA
2025,7,RUS
2025,7,SAI
2025,7,STR
2025,7,TSU
2025,7,VER
2025,8,ALB
2025,8,ALO
2025,8,ANT
2025,8,BEA
2025,8,BOR
2025,8,COL
2025,8,GAS
2025,8,HAD
2025,8,HAM
2025,8,HUL
2025,8,LAW
2025,8,LEC
2025,8,NOR
2025,8,OCO
2025,8,PIA
2025,8,RUS
2025,8,SAI
2025,8,STR
2025,8,TSU
2025,8,VER
2025,9,ALB
2025,9,ALO
2025,9,ANT
2025,9,BEA
2025,9,BOR
2025,9,COL
2025,9,GAS
2025,9,HAD
2025,9,HAM
2025,9,HUL
2025,9,LAW
2025,9,LEC
2025,9,NOR
2025,9,OCO
2025,9,PIA
2025,9,RUS
2025,9,SAI
2025,9,TSU
2025,9,VER
2025,10,ALB
2025,10,ALO
2025,10,ANT
2025,10,BEA
2025,10,BOR
2025,10,COL
2025,10,GAS
2025,10,HAD
2025,10,HAM
2025,10,HUL
2025,10,LAW
2025,10,LEC
2025,10,NOR
2025,10,OCO
2025,10,PIA
2025,10,RUS
2025,10,SAI
2025,10,STR
2025,10,TSU
2025,10,VER
2025,11,ALB
2025,11,ALO
2025,11,ANT
2025,11,BEA
2025,11,BOR
2025,11,COL
2025,11,GAS
2025,11,HAD
2025,11,HAM
2025,11,HUL
2025,11,LAW
2025,11,LEC
2025,11,NOR
2025,11,OCO
2025,11,PIA
2025,11,RUS
2025,11,SAI
2025,11,STR
2025,11,TSU
2025,11,VER
2025,12,ALB
2025,12,ALO
2025,12,ANT
2025,12,BEA
2025,12,BOR
2025,12,COL
2025,12,GAS
2025,12,HAD
2025,12,HAM
2025,12,HUL
2025,12,LAW
2025,12,LEC
2025,12,NOR
2025,12,OCO
2025,12,PIA
2025,12,RUS
2025,12,SAI
2025,12,STR
2025,12,TSU
2025,12,VER
2025,13,ALB
2025,13,ALO
2025,13,ANT
2025,13,BEA
2025,13,BOR
2025,13,COL
2025,13,GAS
2025,13,HAD
2025,13,HAM
2025,13,HUL
2025,13,LAW
2025,13,LEC
2025,13,NOR
2025,13,OCO
2025,13,PIA
2025,13,RUS
2025,13,SAI
2025,13,STR
2025,13,TSU
2025,13,VER
2025,14,ALB
2025,14,ALO
2025,14,ANT
2025,14,BEA
2025,14,BOR
2025,14,COL
2025,14,GAS
2025,14,HAD
2025,14,HAM
2025,14,HUL
2025,14,LAW
2025,14,LEC
2025,14,NOR
2025,14,OCO
2025,14,PIA
2025,14,RUS
2025,14,SAI
2025,14,STR
2025,14,TSU
2025,14,VER
2025,15,ALB
2025,15,ALO
2025,15,ANT
2025,15,BEA
2025,15,BOR
2025,15,COL
2025,15,GAS
2025,15,HAD
2025,15,HAM
2025,15,HUL
2025,15,LAW
2025,15,LEC
2025,15,NOR
2025,15,OCO
2025,15,PIA
2025,15,RUS
2025,15,SAI
2025,15,STR
2025,15,TSU
2025,15,VER
2025,16,ALB
2025,16,ALO
2025,16,ANT
2025,16,BEA
2025,16,BOR
2025,16,COL
2025,16,GAS
2025,16,HAD
2025,16,HAM
2025,16,HUL
2025,16,LAW
2025,16,LEC
2025,16,NOR
2025,16,OCO
2025,16,PIA
2025,16,RUS
2025,16,SAI
2025,16,STR
2025,16,TSU
2025,16,VER
2025,17,ALB
2025,17,ALO
2025,17,ANT
2025,17,BEA
2025,17,BOR
2025,17,COL
2025,17,GAS
2025,17,HAD
2025,17,HAM
2025,17,HUL
2025,17,LAW
2025,17,LEC
2025,17,NOR
2025,17,OCO
2025,17,PIA
2025,17,RUS
2025,17,SAI
2025,17,STR
2025,17,TSU
2025,17,VER
2025,18,ALB
2025,18,ALO
2025,18,ANT
2025,18,BEA
2025,18,BOR
2025,18,COL
2025,18,GAS
2025,18,HAD
2025,18,HAM
2025,18,HUL
2025,18,LAW
2025,18,LEC
2025,18,NOR
2025,18,OCO
2025,18,PIA
2025,18,RUS
2025,18,SAI
2025,18,STR
2025,18,TSU
2025,18,VER
2025,19,ALB
2025,19,ALO
2025,19,ANT
2025,19,BEA
2025,19,BOR
2025,19,COL
2025,19,GAS
2025,19,HAD
2025,19,HAM
2025,19,HUL
2025,19,LAW
2025,19,LEC
2025,19,NOR
2025,19,OCO
2025,19,PIA
2025,19,RUS
2025,19,SAI
2025,19,STR
2025,19,TSU
2025,19,VER
2025,20,ALB
2025,20,ALO
2025,20,ANT
2025,20,BEA
2025,20,BOR
2025,20,COL
2025,20,GAS
2025,20,HAD
2025,20,HAM
2025,20,HUL
2025,20,LAW
2025,20,LEC
2025,20,NOR
2025,20,OCO
2025,20,PIA
2025,20,RUS
2025,20,SAI
2025,20,STR
2025,20,TSU
2025,20,VER
2025,21,ALB
2025,21,ALO
2025,21,ANT
2025,21,BEA
2025,21,BOR
2025,21,COL
2025,21,GAS
2025,21,HAD
2025,21,HAM
2025,21,HUL
2025,21,LAW
2025,21,LEC
2025,21,NOR
2025,21,OCO
2025,21,PIA
2025,21,RUS
2025,21,SAI
2025,21,STR
2025,21,TSU
2025,21,VER
2025,22,ALB
2025,22,ALO
2025,22,ANT
2025,22,BEA
2025,22,BOR
2025,22,COL
2025,22,GAS
2025,22,HAD
2025,22,HAM
2025,22,HUL
2025,22,LAW
2025,22,LEC
2025,22,NOR
2025,22,OCO
2025,22,PIA
2025,22,RUS
2025,22,SAI
2025,22,STR
2025,22,TSU
2025,22,VER
2025,23,ALB
2025,23,ALO
2025,23,ANT
2025,23,BEA
2025,23,BOR
2025,23,COL
2025,23,GAS
2025,23,HAD
2025,23,HAM
2025,23,HUL
2025,23,LAW
2025,23,LEC
2025,23,NOR
2025,23,OCO
2025,23,PIA
2025,23,RUS
2025,23,SAI
2025,23,STR
2025,23,TSU
2025,23,VER
2025,24,ALB
2025,24,ALO
2025,24,ANT
2025,24,BEA
2025,24,BOR
2025,24,COL
2025,24,GAS
2025,24,HAD
2025,24,HAM
2025,24,HUL
2025,24,LAW
2025,24,LEC
2025,24,NOR
2025,24,OCO
2025,24,PIA
2025,24,RUS
2025,24,SAI
2025,24,STR
2025,24,TSU
2025,24,VER
